{
  "id": "2823855",
  "name": "商城项目",
  "font_family": "iconfont",
  "css_prefix_text": "icon-",
  "description": "",
  "glyphs": [
    {
      "icon_id": "12383869",
      "name": "暂无数据",
      "font_class": "ziyuan",
      "unicode": "e61e",
      "unicode_decimal": 58910
    },
    {
      "icon_id": "8286485",
      "name": "扫码",
      "font_class": "saoma1",
      "unicode": "e605",
      "unicode_decimal": 58885
    },
    {
      "icon_id": "7872202",
      "name": "个人中心",
      "font_class": "gerenzhongxin",
      "unicode": "e628",
      "unicode_decimal": 58920
    },
    {
      "icon_id": "17930620",
      "name": "消息",
      "font_class": "xiaoxi1",
      "unicode": "e604",
      "unicode_decimal": 58884
    },
    {
      "icon_id": "8361933",
      "name": "主页1",
      "font_class": "zhuye",
      "unicode": "e6e2",
      "unicode_decimal": 59106
    },
    {
      "icon_id": "577364",
      "name": "首页",
      "font_class": "shouye",
      "unicode": "e751",
      "unicode_decimal": 59217
    },
    {
      "icon_id": "2076306",
      "name": " 手电筒 开",
      "font_class": "shoudiantongkai",
      "unicode": "e89f",
      "unicode_decimal": 59551
    },
    {
      "icon_id": "2076367",
      "name": "关闭小",
      "font_class": "guanbixiao",
      "unicode": "e8bb",
      "unicode_decimal": 59579
    },
    {
      "icon_id": "7677919",
      "name": "相册",
      "font_class": "xiangce",
      "unicode": "e613",
      "unicode_decimal": 58899
    },
    {
      "icon_id": "18267945",
      "name": "扫码",
      "font_class": "saoma",
      "unicode": "e995",
      "unicode_decimal": 59797
    },
    {
      "icon_id": "4194153",
      "name": "销售订单",
      "font_class": "xiaoshoudingdan",
      "unicode": "e606",
      "unicode_decimal": 58886
    },
    {
      "icon_id": "18741083",
      "name": "工作台",
      "font_class": "Slice3",
      "unicode": "e65e",
      "unicode_decimal": 58974
    },
    {
      "icon_id": "26445717",
      "name": "销售订单",
      "font_class": "xiaoshoudingdan-copy",
      "unicode": "e996",
      "unicode_decimal": 59798
    },
    {
      "icon_id": "10715458",
      "name": "消息",
      "font_class": "xiaoxi",
      "unicode": "e638",
      "unicode_decimal": 58936
    },
    {
      "icon_id": "2887776",
      "name": "联系我们",
      "font_class": "lianxiwomen",
      "unicode": "e61d",
      "unicode_decimal": 58909
    },
    {
      "icon_id": "2966208",
      "name": "我",
      "font_class": "wo1",
      "unicode": "e616",
      "unicode_decimal": 58902
    },
    {
      "icon_id": "5588402",
      "name": "联系我们",
      "font_class": "lianxiwomen1",
      "unicode": "e612",
      "unicode_decimal": 58898
    },
    {
      "icon_id": "6510089",
      "name": "网络",
      "font_class": "wangluo",
      "unicode": "e834",
      "unicode_decimal": 59444
    },
    {
      "icon_id": "17816571",
      "name": "视频",
      "font_class": "shipin",
      "unicode": "e603",
      "unicode_decimal": 58883
    },
    {
      "icon_id": "19657962",
      "name": "图 片",
      "font_class": "image",
      "unicode": "e629",
      "unicode_decimal": 58921
    },
    {
      "icon_id": "20360904",
      "name": "图 片",
      "font_class": "tupian",
      "unicode": "e607",
      "unicode_decimal": 58887
    },
    {
      "icon_id": "24753837",
      "name": "我",
      "font_class": "wo1-copy",
      "unicode": "e835",
      "unicode_decimal": 59445
    },
    {
      "icon_id": "1305",
      "name": "购物车满",
      "font_class": "gouwucheman",
      "unicode": "e600",
      "unicode_decimal": 58880
    },
    {
      "icon_id": "1306",
      "name": "购物车空",
      "font_class": "gouwuchekong",
      "unicode": "e601",
      "unicode_decimal": 58881
    },
    {
      "icon_id": "1089283",
      "name": "我",
      "font_class": "buoumaotubiao03",
      "unicode": "e602",
      "unicode_decimal": 58882
    },
    {
      "icon_id": "1916537",
      "name": "主页",
      "font_class": "home",
      "unicode": "e7db",
      "unicode_decimal": 59355
    },
    {
      "icon_id": "2019065",
      "name": "我",
      "font_class": "wo",
      "unicode": "e7ab",
      "unicode_decimal": 59307
    }
  ]
}
